Rank,Position,Name,Team
1,WR,Casey Blaze,WLF
1,WR,Kendall Hawk,KNG
2,RB,Sawyer Ashford,WZD
3,WR,Taylor Haven,TGR
4,RB,Morgan Summit,LNC
5,RB,Skyler Summit,HWK
6,WR,Taylor Wilder,STR
7,RB,Cameron Frost,BLZ
8,WR,Dakota Summit,DRG
9,WR,Peyton Orion,VPR
10,WR,Emery Rivers,SHK
11,RB,Taylor Falcon,SHK
12,RB,Skyler Ashford,CRN
13,WR,Harper Rivers,WZD
14,WR,Drew Everest,BLZ
15,WR,Drew Rivers,KNG
16,WR,Logan Haven,KNG
17,RB,Jordan Wolf,DRG
18,RB,Morgan Frost,VPR
19,RB,Morgan Ashford,BRN
20,TE,Taylor Sterling,SHK
21,TE,Quinn Knight,CRN
22,RB,Morgan Haven,GNT
23,RB,Jordan Wilder,SNR
24,WR,Logan Merrick,KNG
25,WR,Peyton Vale,SHK
26,WR,Riley Rivers,GRY
27,WR,Riley Frost,PHX
28,QB,Riley Falcon,DRG
29,QB,Emery Ashford,LNC
30,QB,Casey Everest,GNT
31,QB,Jordan Orion,BLZ
32,RB,Taylor Hunter,WZD
33,RB,Morgan Stone,KNG
34,WR,Riley Stone,VPR
35,WR,Reese Canyon,RPT
36,WR,Reese Wolf,CRN
37,RB,Drew Blaze,SHK
38,RB,Alex Frost,LNC
39,QB,Rowan Canyon,BRN
40,TE,Jordan Haven,KNG
41,RB,Kendall Summit,HWK
42,RB,Finley Vale,TGR
43,RB,Riley Wilder,LNC
44,RB,Jordan Sterling,TGR
45,WR,Harper Falcon,WLF
46,WR,Morgan Vale,GNT
47,WR,Taylor Knight,WZD
48,WR,Emery Canyon,RPT
49,WR,Rowan Frost,HWK
50,WR,Casey Vale,LNC
51,RB,Alex Wilder,PHX
52,RB,Finley Knight,HWK
53,WR,Finley Canyon,GRY
54,WR,Skyler Orion,SHK
55,WR,Cameron Hunter,WLF
56,WR,Quinn Sterling,RPT
57,WR,Drew Stone,BLZ
58,WR,Rowan Haven,CRN
59,WR,Jordan Sterling,BRN
60,WR,Sawyer Merrick,KNG
61,TE,Kendall Wolf,WZD
62,QB,Logan Vale,HWK
63,QB,Casey Blaze,DRG
64,WR,Logan Falcon,GNT
65,WR,Peyton Summit,VPR
66,WR,Drew Orion,GRY
67,RB,Sawyer Sterling,TGR
68,RB,Drew Everest,RPT
69,TE,Rowan Everest,SHK
70,RB,Quinn Frost,RPT
71,RB,Riley Everest,SHK
72,RB,Logan Rivers,GNT
73,WR,Kendall Summit,RPT
74,WR,Sawyer Falcon,DRG
75,WR,Harper Knight,BLZ
76,WR,Skyler Blaze,FRS
77,WR,Jordan Frost,KNG
78,WR,Drew Storm,PHX
79,WR,Cameron Canyon,BRN
80,RB,Harper Orion,KNG
81,RB,Emery Hawk,FRS
82,RB,Casey Hunter,LNC
83,TE,Drew Storm,WZD
84,TE,Quinn Merrick,FRS
85,TE,Harper Ashford,BRN
86,TE,Drew Storm,WLF
87,QB,Dakota Frost,PHX
88,QB,Finley Ashford,FRS
89,QB,Skyler Summit,PHX
90,RB,Taylor Sterling,CRN
91,RB,Jordan Canyon,SHK
92,RB,Finley Knight,KNG
93,RB,Morgan Vale,WZD
94,RB,Cameron Orion,DRG
95,RB,Alex Hunter,TGR
96,WR,Riley Falcon,CRN
97,WR,Casey Orion,CRN
98,WR,Drew Rivers,TGR
99,WR,Dakota Stone,MNT
100,WR,Reese Stone,GNT
101,WR,Sawyer Haven,CRN
102,WR,Dakota Hawk,BRN
103,QB,Quinn Wolf,SHK
104,QB,Peyton Sterling,RPT
105,QB,Skyler Blaze,BRN
106,QB,Kendall Wolf,SNR
107,WR,Drew Falcon,GRY
108,WR,Quinn Wilder,FRS
109,WR,Morgan Canyon,TGR
110,WR,Harper Sterling,TGR
111,WR,Morgan Rivers,LNC
112,WR,Alex Haven,SHK
113,TE,Finley Sterling,BRN
114,RB,Quinn Canyon,TGR
115,RB,Taylor Falcon,VPR
116,RB,Kendall Hawk,CRN
117,RB,Cameron Everest,GRY
118,RB,Cameron Ashford,WLF
119,RB,Logan Falcon,KNG
120,RB,Rowan Hawk,GNT
121,QB,Kendall Wilder,SHK
122,QB,Drew Canyon,GRY
123,QB,Finley Wolf,TGR
124,QB,Drew Blaze,GNT
125,TE,Emery Wolf,WLF
126,TE,Rowan Blaze,CRN
127,TE,Emery Orion,WLF
128,TE,Morgan Stone,KNG
129,TE,Taylor Falcon,WLF
130,RB,Skyler Frost,BRN
131,RB,Dakota Everest,CRN
132,RB,Taylor Orion,MNT
133,RB,Jordan Hawk,CRN
134,RB,Morgan Wolf,HWK
135,RB,Peyton Summit,WLF
136,WR,Emery Orion,GRY
137,WR,Logan Frost,WLF
138,WR,Alex Orion,HWK
139,WR,Emery Merrick,LNC
140,WR,Quinn Stone,WZD
141,TE,Quinn Everest,FRS
142,TE,Skyler Summit,FRS
143,QB,Emery Rivers,HWK
144,QB,Finley Ashford,DRG
145,QB,Taylor Knight,BLZ
146,RB,Casey Ashford,CRN
147,RB,Emery Canyon,GRY
148,RB,Dakota Wolf,VPR
149,RB,Logan Everest,FRS
150,RB,Peyton Vale,GRY
151,RB,Dakota Haven,WLF
152,WR,Emery Hawk,MNT
153,WR,Skyler Summit,WZD
154,WR,Drew Everest,WLF
155,WR,Riley Hunter,STR
156,WR,Reese Stone,TGR
157,WR,Casey Orion,SHK
158,WR,Kendall Blaze,SNR
159,WR,Kendall Knight,KNG
160,RB,Sawyer Haven,PHX
161,RB,Emery Sterling,VPR
162,RB,Dakota Ashford,GNT
163,WR,Alex Ashford,DRG
164,WR,Logan Rivers,HWK
165,TE,Riley Sterling,PHX
166,TE,Cameron Haven,BLZ
167,TE,Drew Blaze,BLZ
168,TE,Riley Canyon,BLZ
169,DST,SNR D/ST,SNR
170,DST,WZD D/ST,WZD
171,DST,TGR D/ST,TGR
172,DST,GRY D/ST,GRY
173,DST,TGR D/ST,TGR
174,DST,FRS D/ST,FRS
175,DST,TGR D/ST,TGR
176,DST,SNR D/ST,SNR
177,DST,STR D/ST,STR
178,DST,BLZ D/ST,BLZ
179,DST,STR D/ST,STR
180,DST,CRN D/ST,CRN
181,K,Quinn Orion,BRN
182,K,Taylor Frost,BLZ
183,K,Cameron Merrick,FRS
184,K,Kendall Wolf,PHX
185,K,Rowan Vale,GRY
186,K,Riley Blaze,MNT
187,K,Skyler Summit,CRN
188,K,Skyler Storm,BRN
189,K,Harper Wilder,BRN
190,K,Reese Everest,WZD
191,K,Reese Summit,HWK
192,K,Sawyer Haven,CRN
193,WR,Dakota Hawk,RPT
194,WR,Drew Canyon,WZD
195,RB,Logan Sterling,BRN
196,RB,Sawyer Stone,STR
197,WR,Skyler Ashford,RPT
198,QB,Skyler Wilder,KNG
199,QB,Peyton Orion,MNT
200,QB,Morgan Canyon,STR
201,WR,Casey Wolf,MNT
202,WR,Morgan Hawk,SNR
203,WR,Harper Knight,GRY
204,WR,Dakota Summit,RPT
205,WR,Logan Hunter,TGR
206,TE,Kendall Hawk,BRN
207,TE,Logan Stone,GRY
208,WR,Quinn Stone,STR
209,WR,Morgan Orion,BLZ
210,WR,Emery Haven,WLF
211,WR,Riley Summit,TGR
212,RB,Emery Merrick,RPT
213,RB,Riley Hawk,WZD
214,RB,Sawyer Haven,PHX
215,TE,Morgan Ashford,RPT
216,TE,Kendall Haven,CRN
217,TE,Dakota Wilder,GNT
218,QB,Alex Vale,RPT
219,QB,Reese Vale,GNT
220,QB,Rowan Hawk,LNC
221,RB,Riley Falcon,TGR
222,RB,Harper Merrick,PHX
223,RB,Jordan Summit,BRN
224,WR,Emery Hunter,DRG
225,RB,Drew Storm,BRN
226,RB,Reese Everest,HWK
227,WR,Emery Hunter,VPR
228,WR,Harper Wilder,SNR
229,WR,Rowan Ashford,VPR
230,WR,Alex Merrick,SHK
231,WR,Sawyer Wolf,VPR
232,WR,Harper Orion,BLZ
233,WR,Dakota Summit,CRN
234,WR,Alex Everest,MNT
235,DST,GNT D/ST,GNT
236,DST,RPT D/ST,RPT
237,K,Taylor Knight,STR
238,K,Alex Wilder,HWK
239,RB,Drew Wolf,CRN
240,RB,Morgan Vale,WZD
241,RB,Skyler Storm,HWK
242,RB,Finley Summit,GNT
243,RB,Jordan Wolf,PHX
244,RB,Quinn Everest,SNR
245,RB,Dakota Canyon,LNC
246,RB,Sawyer Rivers,PHX
247,RB,Harper Frost,PHX
248,RB,Dakota Hawk,HWK
249,RB,Quinn Knight,LNC
250,RB,Drew Canyon,PHX
251,RB,Skyler Wolf,FRS
252,WR,Finley Ashford,BRN
253,WR,Harper Everest,TGR
254,DST,KNG D/ST,KNG
255,DST,SNR D/ST,SNR
256,K,Skyler Ashford,WZD
257,K,Cameron Wilder,BRN
258,TE,Riley Hunter,RPT
259,TE,Morgan Haven,BRN
260,TE,Quinn Hunter,WLF
261,WR,Finley Frost,BLZ
262,WR,Emery Wilder,PHX
263,WR,Emery Ashford,WLF
264,WR,Morgan Knight,LNC
265,RB,Casey Hawk,FRS
266,RB,Dakota Knight,SNR
267,QB,Logan Summit,DRG
268,QB,Emery Frost,BRN
269,QB,Kendall Hawk,FRS
270,QB,Quinn Haven,MNT
271,WR,Kendall Frost,PHX
272,WR,Quinn Sterling,RPT
273,WR,Emery Hawk,LNC
274,WR,Quinn Rivers,WZD
275,WR,Reese Storm,FRS
276,RB,Logan Frost,WZD
277,RB,Dakota Blaze,WZD
278,RB,Logan Everest,SNR
279,RB,Harper Haven,VPR
280,RB,Kendall Haven,WZD
281,RB,Cameron Wolf,BRN
282,RB,Jordan Frost,RPT
283,RB,Logan Knight,PHX
284,WR,Sawyer Merrick,MNT
285,DST,TGR D/ST,TGR
286,DST,MNT D/ST,MNT
287,K,Casey Summit,WZD
288,K,Skyler Knight,WZD
289,TE,Alex Hawk,RPT
290,TE,Taylor Rivers,TGR
291,TE,Reese Stone,LNC
292,TE,Morgan Vale,VPR
293,TE,Dakota Sterling,FRS
294,WR,Alex Wilder,SHK
295,WR,Casey Merrick,BLZ
296,QB,Skyler Wilder,RPT
297,DST,LNC D/ST,LNC
298,DST,HWK D/ST,HWK
299,DST,RPT D/ST,RPT
300,DST,SNR D/ST,SNR
